id,session_id,seq,role,kind,text,created_at,latency_ms
bb81b68f-1620-4a08-95d2-25432c8f5a10,a3353eda-b749-4298-9c52-79cfacda8e23,1,agent,greeting,سلام، وقت‌تون بخیر. من پزشک مجازی تریاژ هستم. لطفاً بفرمایید چه مشکلی دارید و از کی شروع شده؟,2026-09-30T09:05:29.043818+00:00,
2ed9cd50-f24b-49fa-99cb-10e8c8ddf8db,a3353eda-b749-4298-9c52-79cfacda8e23,2,patient,text,سلام از دیروز بدن درد دارم و بی حالم و کمی هم سرم درد میکنه,2026-09-30T09:08:58.218137+00:00,
f878c634-45f7-47b9-a27f-fccfd8f1510a,a3353eda-b749-4298-9c52-79cfacda8e23,3,agent,question,آیا تب یا لرز هم دارید؟ و آیا سرفه، گلودرد یا آبریزش بینی دارید؟,2026-09-30T09:09:17.572897+00:00,19344
59202326-08de-4495-a4f1-8aeaebea5e70,a3353eda-b749-4298-9c52-79cfacda8e23,4,patient,text,بله دقیقا,2026-09-30T09:10:45.340918+00:00,
1b604d10-bea2-43ce-aa2c-7b22ccc7aace,a3353eda-b749-4298-9c52-79cfacda8e23,5,agent,question,لطفاً بفرمایید چند ساله هستید و خانم هستید یا آقا؟,2026-09-30T09:11:00.906236+00:00,15555
a59f193e-434d-4659-b0cc-3f4a45081d37,a3353eda-b749-4298-9c52-79cfacda8e23,6,patient,text,آقا 47 ساله,2026-09-30T09:11:17.094704+00:00,
f33a4d7a-927e-47fb-9f2d-95a7a0b9633a,a3353eda-b749-4298-9c52-79cfacda8e23,7,agent,question,آیا تنگی نفس یا درد قفسه سینه دارید؟ و آیا گیجی، خواب‌آلودگی غیرعادی یا سفتی گردن دارید؟,2026-09-30T09:11:59.146476+00:00,42038
201a91cf-a7b6-4cbb-b3ed-ced454eba2b7,a3353eda-b749-4298-9c52-79cfacda8e23,8,patient,text,تنگی نفس و درد در قفسه سینه و سفتی گردن ندارم اما حالت گیجی و خواب آلودگی دارم,2026-09-30T09:13:25.406372+00:00,
f5d6a84a-c81e-4a21-8c19-6a41e7bda4ee,a3353eda-b749-4298-9c52-79cfacda8e23,9,agent,question,این حالت گیجی و خواب‌آلودگی چقدر شدید است؟ و آیا از ابتدای بیماری همین‌طور بوده یا تازه بیشتر شده؟,2026-09-30T09:13:43.831948+00:00,18418
92b3914c-478e-4087-8bec-b3b582443080,a3353eda-b749-4298-9c52-79cfacda8e23,10,patient,text,از ابتدای بیماری بوده ولی خیلی شدید نیست و بیشتر دوست دارم بخوابم و گاهی بیشتر و گاهی کمتر میشه,2026-09-30T09:14:35.231738+00:00,
669da10a-33d1-49a5-a08d-678196459ce9,a3353eda-b749-4298-9c52-79cfacda8e23,11,agent,question,آیا می‌توانید مایعات بنوشید و ادرارتان طبیعی است؟ و آیا تب‌تان را اندازه گرفته‌اید؟,2026-09-30T09:14:51.609916+00:00,16364
5af294c1-fd92-4a95-9169-1ed5f2ec6901,a3353eda-b749-4298-9c52-79cfacda8e23,12,patient,text,سعی میکنم مایعات گرم بخورم ولی به سختی میتونم و تبم رو اندازه نگرفتم,2026-09-30T09:18:52.114322+00:00,
e70c0524-3fcd-4a5a-ac4f-0ddf2a515a96,a3353eda-b749-4298-9c52-79cfacda8e23,13,agent,question,آیا ادرارتان نسبت به روزهای عادی کمتر شده یا رنگ آن تیره است؟ و آیا بیماری زمینه‌ای مثل دیابت، قلبی، ریوی یا ضعف ایمنی دارید؟,2026-09-30T09:19:15.604351+00:00,23478
44c0463b-a704-41cc-b2d0-bd8857dcdca3,a3353eda-b749-4298-9c52-79cfacda8e23,14,patient,text,ادرارم پررنگ تر و غلیط تر شده و بیماری زمینه ای ندارم,2026-09-30T09:34:35.752245+00:00,
6c1b1a0f-0cfa-44d5-817d-dc2679b0c7c7,a3353eda-b749-4298-9c52-79cfacda8e23,15,agent,question,آیا استفراغ یا اسهال هم دارید؟ و در ۲۴ ساعت گذشته تقریباً چند بار ادرار کرده‌اید؟,2026-09-30T09:34:51.128007+00:00,15366
b0cc6b09-59eb-45d7-be53-57d700195255,a3353eda-b749-4298-9c52-79cfacda8e23,16,patient,text,استفراغ و اسهال ندارم و در 24 ساعت گذشته فکر کنم 4 بار ادرار کردم,2026-09-30T09:35:46.743428+00:00,
ca69868f-04ae-4054-a0cf-2265b5bd0c72,a3353eda-b749-4298-9c52-79cfacda8e23,17,agent,question,آیا وقتی از حالت نشسته یا خوابیده بلند می‌شوید، سرگیجه یا سیاهی چشم دارید؟ و آیا تا به حال غش کرده‌اید یا زمین خورده‌اید؟,2026-09-30T09:36:02.631306+00:00,15878
86819365-a50f-435c-82c8-33bff8932b0e,a3353eda-b749-4298-9c52-79cfacda8e23,18,patient,text,وقتی بلند میشم، کمی سرگیجه دارم ولی شدید نیست,2026-09-30T09:37:49.556705+00:00,
f4111f20-862c-4d4d-adca-9ca7098b82c2,a3353eda-b749-4298-9c52-79cfacda8e23,19,agent,result,"با توجه به علائمی که گفتید، ممکن است وضعیت شما اورژانسی باشد. لطفاً همین حالا با اورژانس ۱۱۵ تماس بگیرید یا به نزدیک‌ترین اورژانس بروید. اگر تنها هستید، از یک نفر کمک بخواهید.

این پیام جایگزین معاینه پزشک نیست. اگر حالتان بدتر شد یا علامت جدیدی پیدا کردید، فوراً به پزشک یا اورژانس مراجعه کنید.",2026-09-30T09:38:34.515728+00:00,44948
7c110892-3771-4656-881d-3aa96f4cf0cd,8b1fda16-49d1-4c77-9d30-2b2cf044d810,1,agent,greeting,سلام، وقت‌تون بخیر. من پزشک مجازی تریاژ هستم. لطفاً بفرمایید چه مشکلی دارید و از کی شروع شده؟,2026-09-30T09:42:47.326909+00:00,
c4aaba46-f37a-4263-b4b5-5f31d686bde6,8b1fda16-49d1-4c77-9d30-2b2cf044d810,2,patient,text,"سلام دکتر، وقت شما هم بخیر.
از دیروز گلودرد دارم و امروز صبح هم کمی آبریزش بینی و احساس خستگی پیدا کردم. تب خیلی شدیدی ندارم، ولی حالم مثل همیشه نیست.",2026-09-30T09:43:29.877617+00:00,
0d77e1ec-dcfd-4fc1-b0a7-5de1250f6168,8b1fda16-49d1-4c77-9d30-2b2cf044d810,3,agent,question,آیا در بلعیدن غذا، نفس کشیدن یا باز کردن دهان مشکلی دارید؟ همچنین بفرمایید چند سال‌تان است؟,2026-09-30T09:43:36.261104+00:00,6372
d77e19af-e5a6-464d-bc49-fbbdffd41b93,8b1fda16-49d1-4c77-9d30-2b2cf044d810,4,patient,text,"نه دکتر، در بلعیدن غذا و نفس کشیدن مشکلی ندارم و دهانم را هم بدون مشکل باز می‌کنم.
۳۲ سالمه.",2026-09-30T09:43:59.923882+00:00,
b8d50de7-84ae-4684-923f-426a03f52127,8b1fda16-49d1-4c77-9d30-2b2cf044d810,5,agent,question,آیا تب یا لرز هم دارید؟ همچنین بفرمایید آقا هستید یا خانم و آیا بیماری زمینه‌ای خاصی دارید یا داروی خاصی مصرف می‌کنید؟,2026-09-30T09:44:08.623662+00:00,8687
68acf612-08db-4481-83e2-2671ea41b021,8b1fda16-49d1-4c77-9d30-2b2cf044d810,6,patient,text,"بله دکتر، از دیشب کمی تب دارم، حدود **۳۸ درجه**، ولی لرز ندارم.
آقا هستم و بیماری زمینه‌ای خاصی ندارم و داروی خاصی هم مصرف نمی‌کنم.",2026-09-30T09:44:29.614207+00:00,
cf51c2a2-f19c-4cb1-b89d-4b48be623621,8b1fda16-49d1-4c77-9d30-2b2cf044d810,7,agent,question,آیا سرفه، بدن‌درد یا سردرد هم دارید؟ همچنین آیا اخیراً با فردی که علائم مشابه داشته در تماس بوده‌اید؟,2026-09-30T09:44:38.093522+00:00,8470
75765c9a-f287-4323-9a3d-9dd39fcb1c46,8b1fda16-49d1-4c77-9d30-2b2cf044d810,8,patient,text,"بله دکتر، کمی بدن‌درد و سردرد دارم و از امروز صبح هم یک سرفه‌ی خفیف شروع شده.
تا جایی که می‌دانم، با کسی که علائم مشابه داشته باشد تماس نزدیک نداشتم.",2026-09-30T09:44:55.923120+00:00,
56097c70-8cff-4bb4-a25a-574ae33ab655,8b1fda16-49d1-4c77-9d30-2b2cf044d810,9,agent,result,"با توجه به علائم شما شامل گلودرد، تب خفیف و آبریزش بینی، به نظر می‌رسد دچار یک عفونت ویروسی تنفسی (مانند سرماخوردگی) شده‌اید. توصیه می‌شود طی چند روز آینده برای معاینه به پزشک عمومی مراجعه کنید. در صورت بروز علائم هشدار دهنده مانند تنگی نفس شدید، ناتوانی در بلع مایعات یا باز کردن دهان، و یا تب بسیار بالا که با استراحت کنترل نمی‌شود، فوراً به اورژانس مراجعه نمایید.

این پیام جایگزین معاینه پزشک نیست. اگر حالتان بدتر شد یا علامت جدیدی پیدا کردید، فوراً به پزشک یا اورژانس مراجعه کنید.",2026-09-30T09:45:13.495294+00:00,17549
38b20b41-8796-422e-a847-bff642ef4c84,253f84ed-d9b7-4f2e-8c49-1d4cb41c294a,1,agent,greeting,سلام، وقت‌تون بخیر. من پزشک مجازی تریاژ هستم. لطفاً بفرمایید چه مشکلی دارید و از کی شروع شده؟,2026-09-30T11:03:36.197081+00:00,
4abea735-3f0d-489f-bc02-a33f5c0a0d5e,253f84ed-d9b7-4f2e-8c49-1d4cb41c294a,2,patient,text,"سلام دکتر، وقت شما هم بخیر.
حدود دو هفته است که متوجه شدم **پوست و سفیدی چشم‌هایم زرد شده**. چند روزی است که زردی بیشتر شده و احساس می‌کنم خیلی خسته‌تر از معمول هستم.
همچنین ادرارم نسبت به قبل خیلی تیره شده و اشتهایم هم کمتر شده است.",2026-09-30T11:09:24.645938+00:00,
b545aa16-6f89-4ac8-b2e8-740f47da3686,253f84ed-d9b7-4f2e-8c49-1d4cb41c294a,3,agent,question,"متوجه شدم. چند سال‌تان است و آقا هستید یا خانم؟
درد شکم، تب، تهوع یا استفراغ هم دارید؟",2026-09-30T11:09:30.497513+00:00,5843
165095c8-632e-49d9-ac85-aff3ba5d8a9f,253f84ed-d9b7-4f2e-8c49-1d4cb41c294a,4,patient,text,"خانم هستم و **۵۸ ساله**‌ام.
درد شکم شدید ندارم، ولی گاهی یک **درد مبهم در قسمت بالای سمت راست شکمم** احساس می‌کنم. تب ندارم، اما گاهی کمی حالت تهوع دارم و استفراغ نکرده‌ام.",2026-09-30T11:10:14.272060+00:00,
4b7a096b-829a-439a-9bf1-ccb21ac188b2,253f84ed-d9b7-4f2e-8c49-1d4cb41c294a,5,agent,question,"مدفوع‌تان هم کم‌رنگ یا خاکستری شده، یا خارش بدن دارید؟
در این مدت کاهش وزن، گیجی، خواب‌آلودگی غیرعادی، یا خونریزی هم داشته‌اید؟",2026-09-30T11:10:19.643954+00:00,5360
ed22ac33-4f5e-4de6-a4b7-d841c6fdb519,253f84ed-d9b7-4f2e-8c49-1d4cb41c294a,6,patient,text,"بله دکتر، حدود یک هفته است که **مدفوعم خیلی کم‌رنگ‌تر از قبل شده** و تقریباً از همان زمان **خارش پوستم** هم شروع شده، مخصوصاً شب‌ها.

در این دو هفته حدود **۳ کیلو وزن کم کرده‌ام** و اشتهایم هم کمتر شده. گیجی یا خواب‌آلودگی غیرعادی ندارم و **هیچ خونریزی غیرعادی** هم نداشته‌ام.",2026-09-30T11:10:52.343001+00:00,
06710043-3b83-47a7-8f5e-607440e62bc1,253f84ed-d9b7-4f2e-8c49-1d4cb41c294a,7,agent,question,"آیا لرز، درد شدید شکم، یا زردیِ خیلی سریع‌تر شونده داشته‌اید؟
بیماری کبدی یا کیسه صفرا داشته‌اید، یا داروی جدید و گیاهی مصرف کرده‌اید؟",2026-09-30T11:10:57.918260+00:00,5569
13711cf6-e06d-4277-837c-09fbb7bff6ff,253f84ed-d9b7-4f2e-8c49-1d4cb41c294a,8,patient,text,"نه دکتر، لرز یا درد شدید شکم نداشته‌ام. زردی طی همین دو هفته **به‌تدریج بیشتر شده**، نه اینکه ناگهانی ایجاد شده باشد.

تا جایی که می‌دانم بیماری کبدی یا مشکل شناخته‌شده‌ای در کیسه صفرا نداشته‌ام. داروی جدیدی هم شروع نکرده‌ام و **داروی گیاهی خاصی مصرف نمی‌کنم**.",2026-09-30T11:11:21.401096+00:00,
ab997117-3497-4bd5-9da0-d717acdea18e,253f84ed-d9b7-4f2e-8c49-1d4cb41c294a,9,agent,result,"با توجه به علائمی که گفتید، ممکن است وضعیت شما اورژانسی باشد. لطفاً همین حالا با اورژانس ۱۱۵ تماس بگیرید یا به نزدیک‌ترین اورژانس بروید. اگر تنها هستید، از یک نفر کمک بخواهید.

این پیام جایگزین معاینه پزشک نیست. اگر حالتان بدتر شد یا علامت جدیدی پیدا کردید، فوراً به پزشک یا اورژانس مراجعه کنید.",2026-09-30T11:11:52.296329+00:00,30880
33cc511b-dcec-4624-8893-5a54c286e0c1,c183f009-86a0-473c-9033-a11afafa526c,1,agent,greeting,سلام، وقت‌تون بخیر. من پزشک مجازی تریاژ هستم. لطفاً بفرمایید چه مشکلی دارید و از کی شروع شده؟,2026-09-30T11:13:59.494249+00:00,
4fe38706-74d8-4493-b37b-148d5f941069,c183f009-86a0-473c-9033-a11afafa526c,2,patient,text,سلام دکتر. حدود **۴۰ دقیقه پیش** یک فشار و سنگینی در قفسه سینه‌ام شروع شد؛ وقتی داشتم از پله‌ها بالا می‌رفتم. هنوز برطرف نشده و به **دست چپم هم تیر می‌کشد**. خیلی هم عرق کرده‌ام.,2026-09-30T11:14:19.137847+00:00,
b871e0bc-ce10-4495-b200-7f2143bb12f0,c183f009-86a0-473c-9033-a11afafa526c,3,agent,result,"این علائم می‌تواند خطرناک باشد. همین الان با ۱۱۵ تماس بگیرید یا فوری به اورژانس بروید، و خودتان رانندگی نکنید. اگر تنگی نفس شدید، غش، بدتر شدن درد، یا تهوع شدید دارید، معطل نکنید.

این پیام جایگزین معاینه پزشک نیست. اگر حالتان بدتر شد یا علامت جدیدی پیدا کردید، فوراً به پزشک یا اورژانس مراجعه کنید.",2026-09-30T11:14:41.614432+00:00,22451
12d44aa0-d617-4468-94bb-f9579613e1f5,d6b218c3-185b-4c3e-892c-2756cc0e31bf,1,agent,greeting,سلام، وقت‌تون بخیر. من پزشک مجازی تریاژ هستم. لطفاً بفرمایید چه مشکلی دارید و از کی شروع شده؟,2026-09-30T11:17:04.521260+00:00,
c9991346-e448-4014-a6f0-1988e9f99092,d6b218c3-185b-4c3e-892c-2756cc0e31bf,2,patient,text,سلام دکتر. امروز بعدازظهر، حدود **۲ ساعت پیش**، ناگهان یک سردرد خیلی شدید شروع شد؛ واقعاً می‌توانم بگویم **بدترین سردردی است که تا حالا در زندگی‌ام داشته‌ام**. خیلی ناگهانی شروع شد و یک بار هم استفراغ کردم.,2026-09-30T11:17:34.321847+00:00,
4f9aeda2-8c02-4e9c-b499-00cf518f21a7,d6b218c3-185b-4c3e-892c-2756cc0e31bf,3,agent,result,"سردرد ناگهانی و بسیار شدید با استفراغ نیاز به بررسی فوری در اورژانس دارد. لطفاً همین الان با ۱۱۵ تماس بگیرید یا به نزدیک‌ترین اورژانس بروید.

این پیام جایگزین معاینه پزشک نیست. اگر حالتان بدتر شد یا علامت جدیدی پیدا کردید، فوراً به پزشک یا اورژانس مراجعه کنید.",2026-09-30T11:17:50.224520+00:00,15882
156fca56-6da2-41b7-92e5-fe9740322612,9131b13d-edde-4411-b9d0-39701ad08fbf,1,agent,greeting,سلام، وقت‌تون بخیر. من پزشک مجازی تریاژ هستم. لطفاً بفرمایید چه مشکلی دارید و از کی شروع شده؟,2026-09-30T11:19:15.431619+00:00,
9c1e6ad1-a326-4320-bada-a712d8ff85b8,9131b13d-edde-4411-b9d0-39701ad08fbf,2,patient,text,سلام دکتر. از دیروز اطراف نافم درد شروع شد. اول خیلی شدید نبود، ولی از چند ساعت پیش درد بیشتر شده و انگار به قسمت پایین شکمم منتقل شده. اشتها هم ندارم و کمی تب دارم.,2026-09-30T11:19:21.514255+00:00,
d7b0e478-0142-430d-8904-d415252eb738,9131b13d-edde-4411-b9d0-39701ad08fbf,3,agent,question,الان درد بیشتر کجای پایین شکم‌تان است؟ تهوع یا استفراغ هم دارید؟,2026-09-30T11:19:44.043518+00:00,22519
cf6ba28c-9501-4449-a827-428c72524692,9131b13d-edde-4411-b9d0-39701ad08fbf,4,patient,text,الان درد بیشتر در **قسمت پایین سمت راست شکمم** است. کمی حالت تهوع دارم، ولی تا الان استفراغ نکرده‌ام.,2026-09-30T11:20:34.436986+00:00,
2b0e21fb-5a03-47ca-a162-c1937c603ec9,9131b13d-edde-4411-b9d0-39701ad08fbf,5,agent,question,"چند ساله هستید و خانم هستید یا آقا؟
دردتان از ۰ تا ۱۰ چند است، و با راه رفتن یا تکان خوردن خیلی بدتر می‌شود؟",2026-09-30T11:20:57.396555+00:00,22948
6d685b2c-8782-404a-a014-ef5bd5fb4e72,9131b13d-edde-4411-b9d0-39701ad08fbf,6,patient,text,۲۲ سالمه و آقا هستم. درد الان حدود **۷ از ۱۰** هست و وقتی راه می‌روم یا تکان می‌خورم، **درد بیشتر می‌شود**.,2026-09-30T11:21:30.677118+00:00,
314b2a35-5ca5-444a-88c7-1bb8c00c84b0,9131b13d-edde-4411-b9d0-39701ad08fbf,7,agent,result,"با این شرح حال، لازم است همین حالا به اورژانس بیمارستان مراجعه کنید. مناسب‌ترین محل ارزیابی اورژانس است و احتمال دارد جراح عمومی هم شما را ببیند. اگر درد خیلی شدیدتر شد، استفراغ شروع شد، یا شکم سفت شد و تب بالا رفت، فوراً به اورژانس بروید یا ۱۱۵ را خبر کنید.

این پیام جایگزین معاینه پزشک نیست. اگر حالتان بدتر شد یا علامت جدیدی پیدا کردید، فوراً به پزشک یا اورژانس مراجعه کنید.",2026-09-30T11:22:25.130971+00:00,54438
8bdc7e08-942f-4194-b502-7de05bf4b877,cf5613ab-ea61-4046-a0fc-ce1b133d19a5,1,agent,greeting,سلام، وقت‌تون بخیر. من پزشک مجازی تریاژ هستم. لطفاً بفرمایید چه مشکلی دارید و از کی شروع شده؟,2026-09-30T11:22:56.198464+00:00,
79e23089-2ece-4b51-804e-b9e9ae376b1b,cf5613ab-ea61-4046-a0fc-ce1b133d19a5,2,patient,text,سلام دکتر. حدود **دو روزه موقع ادرار کردن سوزش دارم** و تقریباً مدام احساس می‌کنم باید برم دستشویی. هر بار هم مقدار ادرارم نسبتاً کمه.,2026-09-30T11:24:47.528875+00:00,
0bd50be5-afce-4a87-aa09-6fa5c6a5bf89,cf5613ab-ea61-4046-a0fc-ce1b133d19a5,3,agent,question,آیا تب یا احساس سرما خوردگی داشتید؟ همچنین درد در ناحیه پشت یا کمر دارید؟ لطفاً بگویید.,2026-09-30T11:24:49.790566+00:00,2250
719bf5c1-91e2-4534-9b0f-84745e97252f,cf5613ab-ea61-4046-a0fc-ce1b133d19a5,4,patient,text,نه دکتر، تب یا لرز نداشتم و احساس بیماری یا سرماخوردگی هم نمی‌کنم. درد پشت یا کمر هم ندارم.,2026-09-30T11:25:44.240973+00:00,
7ecdcb45-a8d4-4897-839b-1fc45baa6413,cf5613ab-ea61-4046-a0fc-ce1b133d19a5,5,agent,question,آیا هنگام ادرار خون یا رنگ تیره می‌بینید؟ همچنین تهوع یا استفراغ دارید؟,2026-09-30T11:25:46.205881+00:00,1954
92c8d50e-2b20-492a-b63d-2d4089215d1e,cf5613ab-ea61-4046-a0fc-ce1b133d19a5,6,patient,text,نه دکتر، تا الان خون یا تغییر رنگ غیرعادی در ادرارم ندیدم. تهوع یا استفراغ هم ندارم.,2026-09-30T11:26:06.674536+00:00,
adf7d63c-a446-4c42-be1e-f4f0acc94186,cf5613ab-ea61-4046-a0fc-ce1b133d19a5,7,agent,question,سن شما چند سال است؟ همچنین آیا اخیراً رابطه جنسی داشته‌اید؟,2026-09-30T11:26:08.528008+00:00,1843
46875776-dbc0-4327-b64f-6d55afe1d64d,cf5613ab-ea61-4046-a0fc-ce1b133d19a5,8,patient,text,۲۸ سالمه دکتر. بله، اخیراً رابطه جنسی داشته‌ام.,2026-09-30T11:26:36.310687+00:00,
725b3c61-32db-425d-ab07-ce3a6f678398,cf5613ab-ea61-4046-a0fc-ce1b133d19a5,9,agent,question,لطفاً بگویید مرد هستید یا زن؟ اگر زن هستید، احتمال بارداری را هم بگویید.,2026-09-30T11:26:38.165855+00:00,1836
860fd8fa-d3ed-4b5e-ba54-f2a19166e77e,cf5613ab-ea61-4046-a0fc-ce1b133d19a5,10,patient,text,زن هستم دکتر. احتمال بارداری وجود ندارد؛ باردار نیستم.,2026-09-30T11:26:58.196045+00:00,
456dd263-e95b-47fa-8bd3-6a7b44fbd9e5,cf5613ab-ea61-4046-a0fc-ce1b133d19a5,11,agent,question,آیا در ناحیهٔ واژن یا مقعد درد، خارش یا ترشحات غیرعادی دارید؟ همچنین درد هنگام رابطهٔ جنسی دارید یا نه؟,2026-09-30T11:27:00.092139+00:00,1877
54c9c296-14bb-4f6a-9dfc-9f3533832ad8,cf5613ab-ea61-4046-a0fc-ce1b133d19a5,12,patient,text,نه دکتر، درد یا خارش واژن یا مقعد ندارم و ترشح غیرعادی هم نداشته‌ام. هنگام رابطه جنسی هم درد ندارم.,2026-09-30T11:27:51.670080+00:00,
1d305bac-40dc-4be7-85b1-faffe687de8a,cf5613ab-ea61-4046-a0fc-ce1b133d19a5,13,agent,question,از ۱ تا ۱۰، سوزش هنگام ادرار چقدر است؟ همچنین در رابطهٔ جنسی از کاندوم استفاده می‌کنید یا تغییری در شریک داشته‌اید؟,2026-09-30T11:27:55.000905+00:00,3289
79339b33-f009-46b8-96a7-7902ad7aa884,cf5613ab-ea61-4046-a0fc-ce1b133d19a5,14,patient,text,"سوزش هنگام ادرار حدود **۶ از ۱۰** است.
بله، معمولاً از کاندوم استفاده می‌کنیم و **شریک جنسی جدیدی نداشته‌ام**.",2026-09-30T11:28:15.106538+00:00,
2369c397-addc-46ea-9c5a-86e6538a1afe,cf5613ab-ea61-4046-a0fc-ce1b133d19a5,15,agent,question,آیا هنگام ادرار ترشحات یا خلطی می‌بینید؟ همچنین قبلاً تاریخچهٔ سنگ کلیه یا مشکل در مجاری ادراری داشته‌اید؟,2026-09-30T11:28:17.673635+00:00,2545
534fe09c-6179-4376-bc49-8986d559b81d,cf5613ab-ea61-4046-a0fc-ce1b133d19a5,16,patient,text,"نه دکتر، هنگام ادرار **ترشح یا ماده غیرعادی نمی‌بینم**.
تا حالا هم **سابقه سنگ کلیه یا مشکل شناخته‌شده‌ای در مجاری ادراری نداشته‌ام**.",2026-09-30T11:28:43.298795+00:00,
deb1acc5-8544-49f6-9abd-8f59deb14638,cf5613ab-ea61-4046-a0fc-ce1b133d19a5,17,agent,result,"لطفاً در عرض ۲۴ ساعت آینده به یک پزشک عمومی یا اورژانس ادراری مراجعه کنید تا بررسی‌های لازم (مانند تست ادرار) انجام شود. اگر تب بالا (بیش از ۳۸ درجه)، درد شدید در پشت یا پهلو، خون در ادرار یا تهوع و استفراغ بروز کرد، فوراً به اورژانس مراجعه کنید.

این پیام جایگزین معاینه پزشک نیست. اگر حالتان بدتر شد یا علامت جدیدی پیدا کردید، فوراً به پزشک یا اورژانس مراجعه کنید.",2026-09-30T11:28:47.247018+00:00,3929
2df8b00a-dd69-46fd-953c-8b12d335cf72,684cbc91-0634-4ecf-b3bb-bb74916d9b4e,1,agent,greeting,سلام، وقت‌تون بخیر. من پزشک مجازی تریاژ هستم. لطفاً بفرمایید چه مشکلی دارید و از کی شروع شده؟,2026-09-30T11:30:41.943745+00:00,
2c5fd48f-2481-4125-ac51-3ab726077bbf,684cbc91-0634-4ecf-b3bb-bb74916d9b4e,2,patient,text,سلام دکتر. حدود **۳ روزه** آبریزش بینی، گلودرد و یک سرفه خفیف دارم. از اول هم **تب نداشتم**، فقط کمی احساس خستگی می‌کنم.,2026-09-30T11:31:05.754942+00:00,
0d3c042e-318c-4914-ac43-5cf06873bd3a,684cbc91-0634-4ecf-b3bb-bb74916d9b4e,3,agent,question,آیا احساس تنگی نفس یا درد قفسه سینه دارید؟ همچنین گلودردتان چقدر شدید است (از ۱ تا ۱۰)؟,2026-09-30T11:31:08.617780+00:00,2850
bdb3e415-a1e2-4e32-95e8-9ce35b4432ab,684cbc91-0634-4ecf-b3bb-bb74916d9b4e,4,patient,text,نه دکتر، تنگی نفس یا درد قفسه سینه ندارم. گلودردم حدود ۴ از ۱۰ است و خیلی شدید نیست.,2026-09-30T11:31:31.694540+00:00,
9b036a40-fb09-49a6-929c-b29b753bb4a9,684cbc91-0634-4ecf-b3bb-bb74916d9b4e,5,agent,question,آیا بینی‌تان خارش یا چشم‌تان آبریزش دارد؟ همچنین آیا درد یا فشار در ناحیهٔ صورت/پیشانی احساس می‌کنید؟,2026-09-30T11:31:33.579496+00:00,1868
7988ffa3-f87c-48a5-9c12-cb0826843c5d,684cbc91-0634-4ecf-b3bb-bb74916d9b4e,6,patient,text,نه دکتر، خارش بینی یا آبریزش چشم ندارم. درد یا فشار در صورت و پیشانی هم ندارم.,2026-09-30T11:31:52.246910+00:00,
a035d7b7-4a42-4220-8f8d-e98a2a57a1b0,684cbc91-0634-4ecf-b3bb-bb74916d9b4e,7,agent,question,آبریزش بینی‌تان چه رنگی است؟ (شفاف یا زرد/سبز) و آیا فشار یا درد در صورت یا پیشانی احساس می‌کنید؟,2026-09-30T11:31:54.213500+00:00,1945
7e93891d-ac55-4f1c-ba7f-9e0d11302874,684cbc91-0634-4ecf-b3bb-bb74916d9b4e,8,patient,text,آبریزش بینی‌ام **شفاف** است و همان‌طور که گفتم، فشار یا درد در صورت و پیشانی ندارم.,2026-09-30T11:32:21.971939+00:00,
16757f89-3dbd-4955-91e9-af513dbbd37b,684cbc91-0634-4ecf-b3bb-bb74916d9b4e,9,agent,question,آیا بینی‌تان احساس گرفتگی یا احتقان دارد؟ و وقتی سر را جلو می‌کشید، درد یا فشار در صورت یا پیشانی حس می‌کنید؟,2026-09-30T11:32:25.725643+00:00,3736
33e89582-798e-4d0a-af8f-ae85f4d844bd,684cbc91-0634-4ecf-b3bb-bb74916d9b4e,10,patient,text,بله، کمی **گرفتگی بینی** دارم، ولی شدید نیست. وقتی سرم را به جلو خم می‌کنم هم **درد یا فشار خاصی در صورت یا پیشانی احساس نمی‌کنم**.,2026-09-30T11:32:48.669049+00:00,
5580a2ab-fde7-458b-8b87-e03490230b5d,684cbc91-0634-4ecf-b3bb-bb74916d9b4e,11,agent,question,آیا در گلو لکه یا چرک می‌بینید؟ و اخیراً با کسی که تب یا سرفه داشت تماس داشته‌اید؟,2026-09-30T11:32:51.214721+00:00,2518
23bb22ef-fa2b-40ab-bdd8-74464d268127,684cbc91-0634-4ecf-b3bb-bb74916d9b4e,12,patient,text,"تا جایی که خودم می‌بینم، **لکه سفید یا چرک روی لوزه‌ها نمی‌بینم**.
در مورد تماس هم، بله، چند روز پیش یکی از همکارهایم سرفه می‌کرد و احتمالاً با او در تماس نزدیک بودم.",2026-09-30T11:33:07.988780+00:00,
188d5848-c3c9-40bb-9055-bb24078b044e,684cbc91-0634-4ecf-b3bb-bb74916d9b4e,13,agent,question,آیا کاهش یا از دست دادن حس بویایی یا طعم‌داریتان را تجربه می‌کنید؟,2026-09-30T11:33:09.909050+00:00,1905
8b31f9c6-b508-4b21-8bc3-2147b78218ac,684cbc91-0634-4ecf-b3bb-bb74916d9b4e,14,patient,text,نه دکتر، **حس بویایی و چشایی‌ام تغییری نکرده** و مثل قبل است.,2026-09-30T11:33:24.766708+00:00,
36adc57e-aa1e-4a01-82ee-60417d29672c,684cbc91-0634-4ecf-b3bb-bb74916d9b4e,15,agent,result,"به نظر می‌رسد علائم شما با یک سرماخوردگی یا عفونت ویروسی فوقانی سازگار است. می‌توانید در ۲ تا ۳ روز آینده به یک پزشک عمومی مراجعه کنید. اگر تب بالا (بیش از ۳۸٫۵°C)، تنگی نفس، یا درد شدید قفسه سینه ظاهر شد، فوراً به اورژانس مراجعه کنید.

این پیام جایگزین معاینه پزشک نیست. اگر حالتان بدتر شد یا علامت جدیدی پیدا کردید، فوراً به پزشک یا اورژانس مراجعه کنید.",2026-09-30T11:33:28.621841+00:00,3838
